Payment Type,Transaction Time,Settlement Time,Order,Customer Email,Credit Card Number Mask,Refund Amount,Amount,3D Secure,Card Association,Acquiring Bank,Bank On Us/ Off Us,Transaction Fee,Merchant Has,Refund,Payment Options,Coins Share,Transaction ID,TREF ID
cstore,"Jun 08 2023, 09:03","Jun 08 2023, 09:40",5212d190-edc2-4be9-996d-164146f2f388,,,0.0,505000.0,No Auth,,alfamart,,5000.0,500000.0,false,,,4765f114-7a7d-4138-b9a5-8c6d2319cf75,
cstore,"Jun 08 2023, 08:58","Jun 08 2023, 09:42",4b13ed74-d29c-4e53-a04f-a81cfe5a3356,,,0.0,1030000.0,No Auth,,alfamart,,5000.0,1025000.0,false,,,e7f6b115-b85a-45f8-aab8-b1fe8031e1b8,
cstore,"Jun 08 2023, 09:07","Jun 08 2023, 09:44",a2c12177-b8cc-49bf-b3cf-8469777d174a,,,0.0,833784.0,No Auth,,alfamart,,5000.0,828784.0,false,,,4bd5d03f-8cdf-41f5-8d29-e878b8ca2a05,
cstore,"Jun 08 2023, 09:16","Jun 08 2023, 09:59",daf2a6eb-e57a-4a5a-8d6c-e32e3e8c1596,,,0.0,704518.0,No Auth,,alfamart,,5000.0,699518.0,false,,,6e64b1ec-078d-480a-9328-bfb3c47dfc78,
cstore,"Jun 08 2023, 11:01","Jun 08 2023, 11:03",a28e0c24-1ac0-4bfb-84e5-49bd91585daa,,,0.0,471552.0,No Auth,,alfamart,,5000.0,466552.0,false,,,bbdb8227-38f4-4918-b156-f0f8d736b35d,
cstore,"Jun 08 2023, 12:11","Jun 08 2023, 12:15",951106e5-9ea8-4569-964c-8dd83ed22a79,,,0.0,784017.0,No Auth,,alfamart,,5000.0,779017.0,false,,,14f3afee-2db2-4f90-9737-fcb8635919e0,
cstore,"Jun 08 2023, 12:24","Jun 08 2023, 12:30",8b2ffd15-efe6-4d3b-bd4c-8b6dec18156a,,,0.0,779308.0,No Auth,,alfamart,,5000.0,774308.0,false,,,883e71fd-9b93-415b-b495-ececbd8fa600,
cstore,"Jun 08 2023, 12:45","Jun 08 2023, 13:03",7f133382-e807-4243-921e-e5fef99a52ad,,,0.0,924640.0,No Auth,,alfamart,,5000.0,919640.0,false,,,fa491ed9-4da0-40eb-8c2e-0deeae6b6e60,
cstore,"Jun 08 2023, 13:25","Jun 08 2023, 13:32",bf1eda15-8bee-4b5f-8766-a2cc0b0c2652,,,0.0,788333.0,No Auth,,alfamart,,5000.0,783333.0,false,,,9528e363-4bb8-4adb-864b-a9fef28085b8,
cstore,"Jun 08 2023, 14:20","Jun 08 2023, 14:24",63145d8b-8e28-46e5-a8f5-4c9666cc6457,,,0.0,928334.0,No Auth,,alfamart,,5000.0,923334.0,false,,,4cff2299-ddde-432c-8836-eecc04a1d000,
cstore,"Jun 08 2023, 14:24","Jun 08 2023, 14:25",062212ab-a3eb-495f-8a28-5bf43b84c01d,,,0.0,956034.0,No Auth,,alfamart,,5000.0,951034.0,false,,,06bbe019-af25-41d3-a728-c0690d6ec65b,
cstore,"Jun 08 2023, 13:49","Jun 08 2023, 14:27",b121cf37-5ede-4e94-b703-ba6d67ab7cf1,,,0.0,904000.0,No Auth,,alfamart,,5000.0,899000.0,false,,,c55135d9-d3d9-4c8f-9b1b-150c944b5d25,
cstore,"Jun 08 2023, 14:53","Jun 08 2023, 14:56",b5e40372-70ee-4f5d-85aa-25c7bb7ad153,,,0.0,1149934.0,No Auth,,alfamart,,5000.0,1144934.0,false,,,115b0446-70f7-4e94-a21e-21e657393678,
cstore,"Jun 08 2023, 15:21","Jun 08 2023, 15:24",da2c364c-148d-4018-a319-de0cf0a2adaf,,,0.0,1620000.0,No Auth,,alfamart,,5000.0,1615000.0,false,,,523bc25d-8d95-4433-a924-38dca37092f7,
cstore,"Jun 08 2023, 15:23","Jun 08 2023, 15:33",828376de-580d-4dfb-bed4-acf02d974dad,,,0.0,464800.0,No Auth,,alfamart,,5000.0,459800.0,false,,,0d0f9668-e320-4dc5-9c15-499fe66a4f34,
cstore,"Jun 08 2023, 15:03","Jun 08 2023, 15:46",b3805984-5220-4869-bcc7-df11548f0be8,,,0.0,458347.0,No Auth,,alfamart,,5000.0,453347.0,false,,,b8327bb6-0115-4493-b293-c5bf006ec1fd,
cstore,"Jun 08 2023, 13:48","Jun 08 2023, 15:50",622ea2fa-18f3-42e0-984f-75978a558c69,,,0.0,1088334.0,No Auth,,alfamart,,5000.0,1083334.0,false,,,fe677235-2ef6-42d6-8673-d39ed7b1e1ea,
cstore,"Jun 08 2023, 15:53","Jun 08 2023, 15:56",4d8b1ff2-229f-4f03-883f-f528894949f1,,,0.0,1330000.0,No Auth,,alfamart,,5000.0,1325000.0,false,,,bf7825a3-46ed-4a94-bf74-34763fecac0b,
cstore,"Jun 08 2023, 15:48","Jun 08 2023, 16:02",ef5c1e92-7ba8-4c0a-9a03-fba45654ca9b,,,0.0,934166.0,No Auth,,alfamart,,5000.0,929166.0,false,,,6c15530a-c9e6-41e1-a6e1-36ce2552a90e,
cstore,"Jun 08 2023, 16:34","Jun 08 2023, 16:37",bfc933f4-86d8-4bcb-89b5-6873adc3ea4c,,,0.0,1578334.0,No Auth,,alfamart,,5000.0,1573334.0,false,,,6a65dd99-3490-4bc5-b091-1d55480caea6,
cstore,"Jun 08 2023, 16:38","Jun 08 2023, 16:42",aca60e15-a5ce-48f6-8a61-40f51f000892,,,0.0,1055000.0,No Auth,,alfamart,,5000.0,1050000.0,false,,,2842456f-8850-454b-a3df-2a81ecce1c15,
cstore,"Jun 08 2023, 16:34","Jun 08 2023, 16:44",dc6f3326-7eaa-41f9-86b6-3415b934bac4,,,0.0,449000.0,No Auth,,alfamart,,5000.0,444000.0,false,,,fec2fb3a-234b-4a2a-9c5f-d9f7d27ab5eb,
cstore,"Jun 08 2023, 17:03","Jun 08 2023, 17:05",627e4320-ee36-4262-917a-e61650ec15c7,,,0.0,715000.0,No Auth,,alfamart,,5000.0,710000.0,false,,,2d5fd384-f013-466b-816a-78853fbf561f,
cstore,"Jun 08 2023, 16:56","Jun 08 2023, 17:20",effc8854-fb79-4d3c-9e1e-a071b57b9b99,,,0.0,1065000.0,No Auth,,alfamart,,5000.0,1060000.0,false,,,cb533413-7f7b-408b-898d-180629dc6498,
cstore,"Jun 08 2023, 17:38","Jun 08 2023, 17:39",9a9ef7a4-a25a-45fe-ac1d-be9508970a35,,,0.0,449000.0,No Auth,,alfamart,,5000.0,444000.0,false,,,e444b6df-7c2d-4106-983b-569c0cd0b009,
cstore,"Jun 08 2023, 18:39","Jun 08 2023, 18:46",a67cb15e-b392-43ef-89b9-f5e4e288c2f6,,,0.0,833784.0,No Auth,,alfamart,,5000.0,828784.0,false,,,582a6d59-2636-4bf4-95c0-ea76050d783a,
cstore,"Jun 08 2023, 17:56","Jun 08 2023, 19:30",7188b265-3edd-4e96-98ac-80ea58d04213,,,0.0,427917.0,No Auth,,alfamart,,5000.0,422917.0,false,,,074b0ead-83ef-40e6-bd39-e9f45e144657,
cstore,"Jun 08 2023, 18:49","Jun 08 2023, 19:33",823d45d0-619f-43b3-96d0-0d7f28127a92,,,0.0,852251.0,No Auth,,alfamart,,5000.0,847251.0,false,,,91e3ffea-609c-4cee-8763-642e276ca5c6,
cstore,"Jun 08 2023, 19:06","Jun 08 2023, 19:34",ae662f0d-67bd-4c4f-a57a-3d1033106997,,,0.0,458750.0,No Auth,,alfamart,,5000.0,453750.0,false,,,61876268-f879-4577-b69e-1597b4e78dbb,
cstore,"Jun 08 2023, 19:01","Jun 08 2023, 19:34",7a086ed2-d97b-44fb-9557-afb96c62750e,,,0.0,833784.0,No Auth,,alfamart,,5000.0,828784.0,false,,,de98c10a-26ce-4405-b823-0d05c108dd27,
cstore,"Jun 08 2023, 19:08","Jun 08 2023, 19:44",b7ea2e21-59ce-4a49-abe8-862276fd924e,,,0.0,612411.0,No Auth,,alfamart,,5000.0,607411.0,false,,,e6825008-963c-4262-a190-04511c81c783,
cstore,"Jun 08 2023, 19:46","Jun 08 2023, 19:51",9754ba19-ea98-4db5-ade8-8d2170842fde,,,0.0,355000.0,No Auth,,alfamart,,5000.0,350000.0,false,,,dba2c685-e50f-4057-a442-a4a438a2c978,
cstore,"Jun 08 2023, 20:13","Jun 08 2023, 20:17",add2ac87-4eb2-4682-894d-2da74d9cda56,,,0.0,759918.0,No Auth,,alfamart,,5000.0,754918.0,false,,,79fa4c2e-79bf-4120-bcb8-775b1d35a1e1,
qris,"Jun 10 2023, 00:24","Jun 10 2023, 00:26",0ded7457-c2b5-415e-b980-65b00d05f482,"",,0.0,381321.0,No Auth,,gopay,On us,2669.246999999999618679,378651.753000000000381321,false,GOPAY_WALLET,,d60a089a-d235-4ddb-931b-7ff1555c95ae,VHKAID
qris,"Jun 10 2023, 08:23","Jun 10 2023, 08:25",621e05e5-fd3b-4e3f-9225-65ae1e969f68,"",,0.0,382416.0,No Auth,,gopay,On us,2676.911999999999617584,379739.088000000000382416,false,GOPAY_WALLET,,95f6a70d-24d5-46e8-a4b1-362bd6ff1a29,RGQ2ID
qris,"Jun 10 2023, 10:54","Jun 10 2023, 10:56",5be08994-3498-44a2-8c35-fdfa07ff68c7,"",,0.0,1063656.0,No Auth,,gopay,On us,7445.591999999998936344,1056210.408000000001063656,false,GOPAY_WALLET,,8f6cfb1c-4daa-41ed-b7ee-8a0db170c832,HFUVID
qris,"Jun 10 2023, 11:20","Jun 10 2023, 11:21",4d8615b5-a7cc-47df-86c5-c2a125ad79a0,"",,0.0,969079.0,No Auth,,gopay,On us,6783.552999999999030921,962295.447000000000969079,false,GOPAY_WALLET,,c80324ae-f275-48b4-b688-ee2bddbb4de2,8PTBID
shopeepay,"Jun 10 2023, 08:11","Jun 10 2023, 08:11",8c27506e-0c05-4ca7-99f4-52226bd1da1f,,,0.0,213097.0,No Auth,,shopeepay,,3196.455,209900.545,false,,,80ee7033-1d8c-44be-947d-3d7ce7786568,
shopeepay,"Jun 10 2023, 08:29","Jun 10 2023, 08:30",3fa3336d-50bf-4f0e-9a3f-97a0078a0b78,,,0.0,916191.0,No Auth,,shopeepay,,13742.865,902448.135,false,,,e8ab291b-c92d-4280-92d3-f4c0d5e5cc0f,
shopeepay,"Jun 10 2023, 09:05","Jun 10 2023, 09:05",f4e0c290-81a8-4fc7-84d1-641bf1063f67,,,0.0,640686.0,No Auth,,shopeepay,,9610.29,631075.71,false,,,eb586609-d8c7-42ea-9370-54d51cea1164,
shopeepay,"Jun 10 2023, 09:30","Jun 10 2023, 09:30",b42bd10b-1ee0-4513-a735-496214005b27,,,0.0,1009909.0,No Auth,,shopeepay,,15148.635,994760.365,false,,,a4aaf0f4-f11b-4375-9c63-ffe49da753ea,
shopeepay,"Jun 10 2023, 13:01","Jun 10 2023, 13:01",34ad956c-090e-4955-9cce-a45b9f48677c,,,0.0,243600.0,No Auth,,shopeepay,,3654.0,239946.0,false,,,31b26821-1a00-45a3-b439-89ce6f0ca174,
shopeepay,"Jun 10 2023, 14:39","Jun 10 2023, 14:40",2a14fa0d-7779-4666-bb21-253f29203fa2,,,0.0,253666.0,No Auth,,shopeepay,,3804.99,249861.01,false,,,b899b8fb-8692-42d1-8a60-7df2168389fb,
shopeepay,"Jun 10 2023, 14:42","Jun 10 2023, 14:42",bd46133a-fb47-47a1-a5e7-c7f4a2d9e458,,,0.0,253750.0,No Auth,,shopeepay,,3806.25,249943.75,false,,,1d2deccf-e9b3-494c-a57e-094f565a7cd0,
shopeepay,"Jun 10 2023, 16:55","Jun 10 2023, 16:55",c5bf7948-fee0-468f-8964-2721fa1ee3b1,,,0.0,640090.0,No Auth,,shopeepay,,9601.35,630488.65,false,,,34974636-c980-4a38-a4a3-b63ce1c9ed69,
shopeepay,"Jun 10 2023, 18:14","Jun 10 2023, 18:14",b90564e4-2b37-4067-a200-6f567cb27703,,,0.0,472822.0,No Auth,,shopeepay,,7092.33,465729.67,false,,,140527e3-8950-4420-a130-6c7ee89c2cc3,
shopeepay,"Jun 10 2023, 18:27","Jun 10 2023, 18:28",edad8a07-0f76-4482-8fab-d866da151a9d,,,0.0,831285.0,No Auth,,shopeepay,,12469.275,818815.725,false,,,556bd9fc-11e6-4b74-a3fe-cfffa9b6d8d8,
shopeepay,"Jun 10 2023, 19:13","Jun 10 2023, 19:14",b73fc709-9054-4b4e-a4cf-3316353cc446,,,0.0,346697.0,No Auth,,shopeepay,,5200.455,341496.545,false,,,f49a317c-1a13-42b1-b6f3-ad0c89e5f704,
shopeepay,"Jun 10 2023, 21:35","Jun 10 2023, 21:36",0319bd55-586c-4abd-8f16-199958dba52e,,,0.0,208075.0,No Auth,,shopeepay,,3121.125,204953.875,false,,,bd915a44-dd34-4d53-9047-98b4a5cc83ec,
shopeepay,"Jun 10 2023, 22:13","Jun 10 2023, 22:14",8d3e3ac7-ad73-4049-a0a3-3a405ea7c273,,,0.0,10150.0,No Auth,,shopeepay,,152.25,9997.75,false,,,aa5d2bc9-8745-4114-ab40-f287815bf38c,
shopeepay,"Jun 10 2023, 22:14","Jun 10 2023, 22:15",c1909375-21c9-4b38-bdcd-b6a82eb90483,,,0.0,10150.0,No Auth,,shopeepay,,152.25,9997.75,false,,,be1290b9-0337-4ec1-b475-07bdd32a8087,
shopeepay,"Jun 10 2023, 22:43","Jun 10 2023, 22:43",ce0926af-8ae1-4bba-ab38-c405ba67516c,,,0.0,243600.0,No Auth,,shopeepay,,3654.0,239946.0,false,,,30310b37-037d-48e9-aa5d-a38fe3b1ee57,
shopeepay,"Jun 10 2023, 23:11","Jun 10 2023, 23:11",404b6beb-bad8-4680-982f-efa352e1d9c7,,,0.0,1294205.0,No Auth,,shopeepay,,19413.075,1274791.925,false,,,2bcaa1f4-406b-4071-9ad1-e13f6e254d88,
qris,"Jun 10 2023, 13:04","Jun 10 2023, 13:05",399fd679-d44a-4736-99b7-2faeeac0dc6d,,,0.0,230996.0,No Auth,,airpay shopee,On us,1616.971999999999769004,229379.028000000000230996,false,,,603819c0-c06b-41cb-9580-277ea1c256f9,
qris,"Jun 10 2023, 23:54","Jun 10 2023, 23:57",3fcca731-af54-42f3-929c-617a5aeb1d22,,,0.0,561814.0,No Auth,,airpay shopee,On us,3932.697999999999438186,557881.302000000000561814,false,,,c93bd992-6fa6-4027-90cf-2ae9f6a1f127,
qris,"Jun 10 2023, 23:58","Jun 10 2023, 23:59",4798e76b-78f9-47db-bb58-9c89050be565,,,0.0,561814.0,No Auth,,airpay shopee,On us,3932.697999999999438186,557881.302000000000561814,false,,,5e298296-5ad1-4d8c-ab4d-4009c0362993,
gopay,"Jun 11 2023, 06:37","Jun 11 2023, 06:37",a374889b-c5fb-40fa-917d-03089b02ab03,"",,0.0,1439051.0,No Auth,,gojek,,28781.02,1410269.98,false,GOPAY_WALLET,,b9c5c70a-8f85-49ee-b0f9-adc393c9b27d,
gopay,"Jun 11 2023, 06:38","Jun 11 2023, 06:38",373a4ef0-e1df-4a8c-b5d5-fcc65c2d54b0,"",,0.0,2776102.0,No Auth,,gojek,,55522.04,2720579.96,false,GOPAY_WALLET,,2b2ebd04-9c3b-4268-bcb5-788d8bd94f21,
gopay,"Jun 11 2023, 07:47","Jun 11 2023, 07:47",ef3a0895-8163-45ea-8980-784c955eff18,"",,0.0,850000.0,No Auth,,gojek,,17000.0,833000.0,false,GOPAY_WALLET,,9f929fbf-f953-4f53-a65f-e23c5b000338,
gopay,"Jun 11 2023, 21:52","Jun 11 2023, 21:52",558f7629-555e-4407-be7f-b7c443f29edd,"",,0.0,603501.0,No Auth,,gojek,,12070.02,591430.98,false,GOPAY_WALLET,,9244575f-1270-4a78-8c68-c0f20d3bc34c,
bank_transfer,"Jun 12 2023, 00:38","Jun 12 2023, 00:47",ea95ecc4-b9a8-4a79-ab48-1384ff5711b2,"",,0.0,1576089.0,No Auth,,bni,,3850.0,1572239.0,false,,,b55d3c9c-6cf2-4638-949b-3b1103f15741,
bank_transfer,"Jun 12 2023, 02:25","Jun 12 2023, 02:26",d46666a6-27fc-4800-a260-b02d76f04559,"",,0.0,100000.0,No Auth,,bni,,3850.0,96150.0,false,,,69532b92-0dbf-4c2d-8946-b3924f11e994,
bank_transfer,"Jun 12 2023, 02:27","Jun 12 2023, 02:28",f361697b-d944-48d0-b64c-4b1ccbd4a781,"",,0.0,100000.0,No Auth,,bni,,3850.0,96150.0,false,,,c624520a-4408-44eb-89ed-15260324a89f,
bank_transfer,"Jun 12 2023, 06:34","Jun 12 2023, 06:35",da27aab1-ebf0-4bf8-b5ee-620ea294cb36,"",,0.0,1616335.0,No Auth,,bni,,3850.0,1612485.0,false,,,c5829341-fb26-4650-8653-9b3874fdbc82,
bank_transfer,"Jun 12 2023, 06:39","Jun 12 2023, 06:43",ee45c505-4937-4563-a50a-13196902adca,"",,0.0,1041667.0,No Auth,,bni,,3850.0,1037817.0,false,,,7ab51d37-d557-4047-98d0-11aef1167f4d,
bank_transfer,"Jun 12 2023, 06:45","Jun 12 2023, 06:46",9f86b0d2-67b7-492f-9f44-522210e1c3e4,"",,0.0,1625000.0,No Auth,,bni,,3850.0,1621150.0,false,,,3a194164-87aa-4d9d-8b2f-613e29cdcbe4,
bank_transfer,"Jun 12 2023, 07:35","Jun 12 2023, 07:40",9344bf08-c789-42a9-8c3d-3c8a88a531e4,"",,0.0,1220084.0,No Auth,,bni,,3850.0,1216234.0,false,,,0a94f1c8-49ec-4f47-a1a1-ed3f3f767a26,
bank_transfer,"Jun 12 2023, 08:57","Jun 12 2023, 09:02",29cc9fa9-7e8a-48b1-ba37-d8efbb0500d9,"",,0.0,653351.0,No Auth,,bni,,3850.0,649501.0,false,,,e538cf01-ae06-484f-9213-39d5fbe216ea,
bank_transfer,"Jun 12 2023, 11:12","Jun 12 2023, 11:13",8e11e788-d071-4428-9708-550126b140e2,"",,0.0,240000.0,No Auth,,bni,,3850.0,236150.0,false,,,22edad7b-56bc-488b-87d0-2eba99fc09ee,
bank_transfer,"Jun 12 2023, 11:40","Jun 12 2023, 11:41",032c4d6d-c9ca-41bc-940f-35690fa33656,"",,0.0,1140000.0,No Auth,,bni,,3850.0,1136150.0,false,,,ebae367f-2d49-4bd1-9eec-60ec4de5f2e5,
bank_transfer,"Jun 12 2023, 12:24","Jun 12 2023, 12:25",2c4d3e4a-d079-488e-aaca-dd78f60a118b,"",,0.0,591475.0,No Auth,,bni,,3850.0,587625.0,false,,,5e92647f-f748-4e43-a418-d3fc9049eee8,
bank_transfer,"Jun 12 2023, 12:24","Jun 12 2023, 12:27",78fb11cf-eab5-4126-8cd0-c6c23a2cea73,"",,0.0,1616335.0,No Auth,,bni,,3850.0,1612485.0,false,,,10ad334d-1bc2-4f3a-bc83-d82c86f13882,
bank_transfer,"Jun 12 2023, 12:53","Jun 12 2023, 12:55",c1a4d5fa-1d54-4d8c-9a6e-69a097d8f521,"",,0.0,1149500.0,No Auth,,bni,,3850.0,1145650.0,false,,,232b07b0-056a-4ebe-b7da-859e2fdb97d3,
bank_transfer,"Jun 12 2023, 12:55","Jun 12 2023, 12:56",bd7e85e9-0565-44e8-8aed-15f31bae2194,"",,0.0,2500000.0,No Auth,,bni,,3850.0,2496150.0,false,,,c27d17fd-c6bd-4221-b908-6c0539256c03,
bank_transfer,"Jun 12 2023, 13:08","Jun 12 2023, 13:10",9b803f97-05c8-4447-82f0-d714e6d2331f,"",,0.0,539250.0,No Auth,,bni,,3850.0,535400.0,false,,,09e5e09c-a310-42cc-ba1d-f95841609ec3,
bank_transfer,"Jun 12 2023, 13:56","Jun 12 2023, 13:57",d46f5714-71f3-4d79-a3fd-22d091884425,"",,0.0,2000000.0,No Auth,,bni,,3850.0,1996150.0,false,,,4ea12330-ee30-4c1e-9454-ca26805f685a,
bank_transfer,"Jun 12 2023, 13:59","Jun 12 2023, 14:00",fec439f2-79cb-40ba-8f01-47488833dcd4,"",,0.0,1366667.0,No Auth,,bni,,3850.0,1362817.0,false,,,9b836845-b584-40ef-8f53-d85f26f5128b,
bank_transfer,"Jun 12 2023, 14:19","Jun 12 2023, 14:24",4d2e4c71-dbb5-43a2-8639-a30dca5eabf8,"",,0.0,350000.0,No Auth,,bni,,3850.0,346150.0,false,,,db3a4050-0320-4595-b114-ed8a46905922,
bank_transfer,"Jun 12 2023, 16:12","Jun 12 2023, 16:13",5c0a687a-ec6e-4b21-9e21-bcb075406314,"",,0.0,1491000.0,No Auth,,bni,,3850.0,1487150.0,false,,,df6b8266-f17d-4541-aabf-80e60de8cc87,
bank_transfer,"Jun 12 2023, 18:13","Jun 12 2023, 18:14",a1626f82-dc60-4005-84d5-09431a055c0a,"",,0.0,630209.0,No Auth,,bni,,3850.0,626359.0,false,,,9735ccc9-784e-4bd7-922b-ed7732030335,
bank_transfer,"Jun 12 2023, 18:39","Jun 12 2023, 18:39",60ef79e4-acbe-41c7-8654-12bd5f127d37,"",,0.0,1772800.0,No Auth,,bni,,3850.0,1768950.0,false,,,ea7da01d-d332-475d-abe3-24627e9e692d,
bank_transfer,"Jun 12 2023, 18:53","Jun 12 2023, 19:06",0e8557ac-ea77-4aaa-af21-6f9d5b58ba9e,"",,0.0,426021.0,No Auth,,bni,,3850.0,422171.0,false,,,ad3f43d5-dedc-4717-9353-eed368285933,
bank_transfer,"Jun 12 2023, 20:18","Jun 12 2023, 20:19",2399afe8-cb45-4966-a237-cb2111293d7f,"",,0.0,639135.0,No Auth,,bni,,3850.0,635285.0,false,,,24532787-6fd9-43a2-a571-116c4e0619f5,
bank_transfer,"Jun 12 2023, 20:20","Jun 12 2023, 20:20",0e5e37cd-8ee1-414f-852f-5ba42c07db1c,"",,0.0,487885.0,No Auth,,bni,,3850.0,484035.0,false,,,0aa0942f-6f93-4f46-bad1-a65624475e28,
bank_transfer,"Jun 12 2023, 20:33","Jun 12 2023, 20:34",a20aa9e8-7ff0-4487-a583-74e63eabff48,"",,0.0,584834.0,No Auth,,bni,,3850.0,580984.0,false,,,bb8fbd96-e323-4f0d-a55e-e4abaa019030,
bank_transfer,"Jun 12 2023, 21:16","Jun 12 2023, 21:18",b1bb8e4b-268c-435a-b986-e9f07e5160d6,"",,0.0,115035.0,No Auth,,bni,,3850.0,111185.0,false,,,bae3d4f7-259b-4696-8f2d-ba08ad20e15e,
bank_transfer,"Jun 12 2023, 23:57","Jun 13 2023, 00:03",be28e40f-7c13-4d65-a140-31445335c233,"",,0.0,1666000.0,No Auth,,bni,,3850.0,1662150.0,false,,,bbdd31b4-2be1-4bf9-9fcc-a615477317a1,
mandiri_bill,"Jun 12 2023, 00:54","Jun 12 2023, 01:00",d39b5438-b430-4b48-aecd-0303452e4e4b,"",,0.0,851760.0,No Auth,,mandiri,,3850.0,847910.0,false,,,647f58fb-282d-4b03-98cf-2e5611b0a78d,
mandiri_bill,"Jun 12 2023, 02:44","Jun 12 2023, 02:45",155215c5-10bd-422e-9ce0-fba3c10fedef,"",,0.0,2517063.0,No Auth,,mandiri,,3850.0,2513213.0,false,,,b7f0ee01-ecfe-4673-87e8-785a33bde1e2,
mandiri_bill,"Jun 12 2023, 05:23","Jun 12 2023, 05:23",8a348cbb-4622-487b-a495-319ce21a3e67,"",,0.0,298665.0,No Auth,,mandiri,,3850.0,294815.0,false,,,29e1efb0-3a92-4197-b8d4-7184687aef8b,
mandiri_bill,"Jun 12 2023, 06:50","Jun 12 2023, 06:52",3d3a9c62-867c-416c-ae69-9c78697acae1,"",,0.0,2395867.0,No Auth,,mandiri,,3850.0,2392017.0,false,,,c5368fd3-aeff-489e-bd4e-3bb41241033b,
mandiri_bill,"Jun 12 2023, 07:08","Jun 12 2023, 07:09",ed22c310-2ece-45f6-98e9-8a9f1a28a462,"",,0.0,930648.0,No Auth,,mandiri,,3850.0,926798.0,false,,,5b4151f9-2124-47f7-bc66-ed0eae9d2598,
mandiri_bill,"Jun 12 2023, 07:08","Jun 12 2023, 07:09",b06ffa6c-f06d-4c63-b084-d5b1d06a5c22,"",,0.0,950000.0,No Auth,,mandiri,,3850.0,946150.0,false,,,d70ecad1-c83b-4dbc-835b-785d51c3fbae,
mandiri_bill,"Jun 12 2023, 07:17","Jun 12 2023, 07:21",0df4063d-168a-4693-abc7-b8432b3f840b,"",,0.0,714602.0,No Auth,,mandiri,,3850.0,710752.0,false,,,2b221f6e-a10e-4ef1-8af3-f71a536b8967,
mandiri_bill,"Jun 12 2023, 08:10","Jun 12 2023, 08:11",99445550-d235-414a-a724-3253aa027fe6,"",,0.0,630271.0,No Auth,,mandiri,,3850.0,626421.0,false,,,bacc6359-d1e1-4589-a0bd-4e433f315b7f,
mandiri_bill,"Jun 12 2023, 08:16","Jun 12 2023, 08:17",59af9c0e-1cf6-4793-9584-a011a0ed3631,"",,0.0,500000.0,No Auth,,mandiri,,3850.0,496150.0,false,,,54a77710-892f-40bc-aba1-28a53aff389e,
mandiri_bill,"Jun 12 2023, 08:30","Jun 12 2023, 08:31",c78a0244-89c2-4638-82d4-e7710bf6dac1,"",,0.0,1609234.0,No Auth,,mandiri,,3850.0,1605384.0,false,,,a3b67807-143d-47e4-91ad-2f9e581ef27b,
mandiri_bill,"Jun 12 2023, 08:43","Jun 12 2023, 08:44",ecb0122d-6213-4fe4-8113-79541c301562,"",,0.0,425315.0,No Auth,,mandiri,,3850.0,421465.0,false,,,381a4ebc-377c-46d5-a299-9657aef0c71a,
mandiri_bill,"Jun 12 2023, 08:48","Jun 12 2023, 08:48",8313e43c-e8ad-46b2-b744-a9fd6b629108,"",,0.0,600000.0,No Auth,,mandiri,,3850.0,596150.0,false,,,a8670291-138a-4fb4-8363-e8aff75f5a1e,
mandiri_bill,"Jun 12 2023, 09:23","Jun 12 2023, 09:25",48161ca6-b4fd-4bbf-add7-f316b1e1176c,"",,0.0,819000.0,No Auth,,mandiri,,3850.0,815150.0,false,,,87c3a3a0-f2e7-4709-8758-2ec2eb1d5831,
mandiri_bill,"Jun 12 2023, 10:23","Jun 12 2023, 10:24",6880100c-e38e-4121-9b62-e0d05e3dca5c,"",,0.0,2318418.0,No Auth,,mandiri,,3850.0,2314568.0,false,,,7e24193f-bac5-4bd6-ac86-13c57c1f7352,
mandiri_bill,"Jun 12 2023, 10:37","Jun 12 2023, 10:39",1ad70482-10f8-48cd-a674-87a367809ac1,"",,0.0,766667.0,No Auth,,mandiri,,3850.0,762817.0,false,,,b213456c-035b-4cb3-b0e1-708265a98e71,
mandiri_bill,"Jun 12 2023, 11:16","Jun 12 2023, 11:19",998375df-a5a8-4332-b8a1-23f33b74c812,"",,0.0,1788750.0,No Auth,,mandiri,,3850.0,1784900.0,false,,,06c7c8be-2af8-4c80-a115-55e052f9a115,
mandiri_bill,"Jun 12 2023, 11:53","Jun 12 2023, 11:54",39610a63-d2db-4733-9d29-935c19c83c4e,"",,0.0,1303500.0,No Auth,,mandiri,,3850.0,1299650.0,false,,,6d6fc58a-2996-41e4-ba27-aa7778e8b940,
mandiri_bill,"Jun 12 2023, 11:55","Jun 12 2023, 11:56",9042d4a7-aa5f-4b9a-a7fa-28622b04f9d3,"",,0.0,994984.0,No Auth,,mandiri,,3850.0,991134.0,false,,,8355fc29-ea81-4848-81f1-9e5d195e70e3,
mandiri_bill,"Jun 12 2023, 12:25","Jun 12 2023, 12:26",b815836a-cae7-4235-b921-75fe575b4f48,"",,0.0,1616336.0,No Auth,,mandiri,,3850.0,1612486.0,false,,,330a49c1-7052-4b05-8df4-f715c0073ee3,
mandiri_bill,"Jun 12 2023, 12:38","Jun 12 2023, 12:40",c5ab7e6c-2d5d-4444-abd9-d5bbeb492684,"",,0.0,1054078.0,No Auth,,mandiri,,3850.0,1050228.0,false,,,31eeba22-7c37-43b8-8f67-166d24eb79d7,
mandiri_bill,"Jun 12 2023, 12:40","Jun 12 2023, 13:00",0178b800-89f4-424e-9058-ce27fa558513,"",,0.0,1267714.0,No Auth,,mandiri,,3850.0,1263864.0,false,,,45ffaf30-84ea-49bc-b462-348bc70e8396,
mandiri_bill,"Jun 12 2023, 13:03","Jun 12 2023, 13:05",3316a8d7-24a2-4317-9b9a-67718b495206,"",,0.0,1577417.0,No Auth,,mandiri,,3850.0,1573567.0,false,,,e8ccb996-587a-4796-831e-a4332ee793a1,
mandiri_bill,"Jun 12 2023, 13:13","Jun 12 2023, 13:16",4102bcd7-a1ed-4ebb-8b72-34779bb63213,"",,0.0,558334.0,No Auth,,mandiri,,3850.0,554484.0,false,,,8664496b-aae1-480e-b5e7-8d917eb6767d,
mandiri_bill,"Jun 12 2023, 13:22","Jun 12 2023, 13:24",1d1ba61a-9385-41e9-8ada-5e389a06b1c4,"",,0.0,3131946.0,No Auth,,mandiri,,3850.0,3128096.0,false,,,665c7976-4319-49f3-9ce4-84f4778e4ca5,
mandiri_bill,"Jun 12 2023, 14:02","Jun 12 2023, 14:05",e6eaec42-31db-4f65-b047-5f8391cb23aa,"",,0.0,2188300.0,No Auth,,mandiri,,3850.0,2184450.0,false,,,982bc74d-4e49-41cd-8998-e9ed43d425cd,
mandiri_bill,"Jun 12 2023, 14:03","Jun 12 2023, 14:06",a467da94-0559-4b89-84e8-cc609728e4ab,"",,0.0,1290667.0,No Auth,,mandiri,,3850.0,1286817.0,false,,,555ce8a4-a482-4228-9891-fd1f54e0a40e,
mandiri_bill,"Jun 12 2023, 14:25","Jun 12 2023, 14:26",f510edc9-3bb5-4036-92a8-dc44bc6d580c,"",,0.0,939584.0,No Auth,,mandiri,,3850.0,935734.0,false,,,6a77489f-440c-4a68-9257-dce1bef099e0,
mandiri_bill,"Jun 12 2023, 14:20","Jun 12 2023, 15:08",849668f1-17e7-4864-baad-22f4a255a256,"",,0.0,403334.0,No Auth,,mandiri,,3850.0,399484.0,false,,,cb0e59e0-d9b7-41f8-b1a3-6f299ed3922f,
mandiri_bill,"Jun 12 2023, 15:16","Jun 12 2023, 15:17",b6c3577d-279c-4a61-a465-f1cad179013b,"",,0.0,2185000.0,No Auth,,mandiri,,3850.0,2181150.0,false,,,2efefba1-ccf0-4e73-b6eb-229a26eeefc9,
mandiri_bill,"Jun 12 2023, 15:39","Jun 12 2023, 15:40",36346aec-6497-4b90-9ee6-0e0cc6956a10,"",,0.0,983007.0,No Auth,,mandiri,,3850.0,979157.0,false,,,40f5c517-388d-46fe-bfc8-817b958e30ef,
mandiri_bill,"Jun 12 2023, 16:50","Jun 12 2023, 16:52",4600f860-0925-44b2-a556-97caf38e4690,"",,0.0,525000.0,No Auth,,mandiri,,3850.0,521150.0,false,,,d9a7f98d-a2b9-40fe-90bf-9114a5989fc3,
mandiri_bill,"Jun 12 2023, 17:28","Jun 12 2023, 17:32",cde33195-c142-4090-97c3-78f1cbe2a8f6,"",,0.0,1128889.0,No Auth,,mandiri,,3850.0,1125039.0,false,,,42e9407b-f10a-4f95-99df-929462694ed9,
mandiri_bill,"Jun 12 2023, 17:44","Jun 12 2023, 17:47",d0ab023e-4afc-4a08-bd0e-bb664aec6f6e,"",,0.0,2133333.0,No Auth,,mandiri,,3850.0,2129483.0,false,,,11cb9800-d5f5-4145-81ae-7c00edfc8d6b,
mandiri_bill,"Jun 12 2023, 18:27","Jun 12 2023, 18:28",81e1273d-6a92-4901-bd36-6294002ccc6f,"",,0.0,473559.0,No Auth,,mandiri,,3850.0,469709.0,false,,,65141d35-af16-407d-a33d-0073b362865e,
mandiri_bill,"Jun 12 2023, 18:32","Jun 12 2023, 18:33",2f247c5b-0da9-45f2-91e2-698a9cb4943e,"",,0.0,851760.0,No Auth,,mandiri,,3850.0,847910.0,false,,,12383fe4-4afd-4d70-a67a-d6d9c57c7a20,
mandiri_bill,"Jun 12 2023, 18:33","Jun 12 2023, 18:44",263b99bf-8ab7-4702-a74c-2e8734f4aedc,"",,0.0,806667.0,No Auth,,mandiri,,3850.0,802817.0,false,,,e3913248-4ef7-4531-b8f9-87cf38ba46b2,
mandiri_bill,"Jun 12 2023, 18:36","Jun 12 2023, 18:58",b0a0bdb4-5172-4dbb-99ae-cd82f1e60ee5,"",,0.0,791666.0,No Auth,,mandiri,,3850.0,787816.0,false,,,b425958c-d521-4e10-a5ba-658eb2ae9469,
mandiri_bill,"Jun 12 2023, 19:30","Jun 12 2023, 19:32",97a7e9db-4514-473b-87e7-48faa2a7511a,"",,0.0,300000.0,No Auth,,mandiri,,3850.0,296150.0,false,,,36e4b0b8-e1a9-43df-abbc-633d5c70bca6,
mandiri_bill,"Jun 12 2023, 20:50","Jun 12 2023, 20:51",186a05b3-4191-469a-a7d9-c75897322587,"",,0.0,1605334.0,No Auth,,mandiri,,3850.0,1601484.0,false,,,a2261468-d446-4828-9976-072457eea6bb,
mandiri_bill,"Jun 12 2023, 21:58","Jun 12 2023, 22:00",f44a8c17-ed39-431a-99d4-505d8982a4c9,"",,0.0,1154223.0,No Auth,,mandiri,,3850.0,1150373.0,false,,,79cd722e-6959-42c1-ad39-e5383abd2fde,
mandiri_bill,"Jun 12 2023, 22:12","Jun 12 2023, 22:14",fd7c4015-a3d2-4d20-9264-1bd5b455da5e,"",,0.0,163110.0,No Auth,,mandiri,,3850.0,159260.0,false,,,8f6eb36c-4f17-41d9-b5fa-14443f114f0a,
mandiri_bill,"Jun 12 2023, 22:14","Jun 12 2023, 22:15",738ad56e-f2a4-4a9c-a7c5-f74e7767ae06,"",,0.0,163110.0,No Auth,,mandiri,,3850.0,159260.0,false,,,6d81beb1-6686-4c02-8bac-d3ba85304bfb,
mandiri_bill,"Jun 12 2023, 22:16","Jun 12 2023, 22:18",82b64842-2b1d-4599-bcaa-ee8a7bb7d3d2,"",,0.0,163110.0,No Auth,,mandiri,,3850.0,159260.0,false,,,ba5afa84-f945-4236-8972-02f4809a1938,
mandiri_bill,"Jun 12 2023, 22:19","Jun 12 2023, 22:20",eb1eaa76-1067-459d-b682-26d2d024a22d,"",,0.0,163110.0,No Auth,,mandiri,,3850.0,159260.0,false,,,c51d5e46-c2dc-4d59-aca1-48d9b652ecfe,
mandiri_bill,"Jun 12 2023, 22:21","Jun 12 2023, 22:21",1947c6d0-ac09-448e-b4ea-6bccfd2adc06,"",,0.0,163110.0,No Auth,,mandiri,,3850.0,159260.0,false,,,aced48ae-b54e-44bc-b9bf-392569db25f0,
mandiri_bill,"Jun 12 2023, 23:18","Jun 12 2023, 23:18",4d4384c3-bb1a-4759-a378-a7563e27deba,"",,0.0,627867.0,No Auth,,mandiri,,3850.0,624017.0,false,,,43e599f1-4608-4798-9c93-d8024b65b64c,
mandiri_bill,"Jun 12 2023, 23:23","Jun 12 2023, 23:26",9e76af4e-f923-434a-8315-29fd32bd4b3b,"",,0.0,5333333.0,No Auth,,mandiri,,3850.0,5329483.0,false,,,7dcf4d97-2a77-4988-9656-724af5a46f4d,
